OrderID,DeliveryTime(min)
1,35.0
2,31.2
3,35.9
4,41.1
5,30.6
6,30.6
7,41.5
8,36.6
9,29.2
10,35.3
11,29.2
12,29.2
13,33.5
14,20.5
15,21.7
16,28.6
17,25.9
18,33.9
19,26.6
20,23.5
21,40.8
22,30.6
23,32.4
24,23.5
25,28.7
26,32.7
27,25.1
28,34.3
29,28.4
30,30.2
31,28.4
32,43.1
33,31.9
34,25.7
35,36.9
36,24.7
37,33.3
38,20.2
39,24.0
40,33.2
41,36.4
42,33.0
43,31.3
44,30.2
45,23.1
46,27.7
47,29.2
48,38.3
49,34.1
50,21.4
51,33.9
52,29.7
53,27.9
54,35.7
55,38.2
56,37.6
57,27.0
58,30.1
59,34.0
60,37.9
61,29.1
62,30.9
63,25.4
64,24.8
65,36.9
66,40.1
67,31.6
68,38.0
69,34.2
70,28.1
71,34.2
72,41.2
73,31.8
74,41.4
75,16.3
76,36.9
77,32.5
78,30.2
79,32.6
80,20.1
81,30.7
82,34.1
83,40.9
84,28.9
85,27.1
86,29.0
87,37.5
88,34.0
89,28.8
90,35.1
91,32.6
92,37.8
93,27.8
94,30.0
95,29.6
96,60.0
97,65.0
98,70.0
99,72.0
100,75.0
